{
  "brand": "Screen Print Bot Demo",
  "version": "1.1",
  "match_rules": {
    "case_sensitive": false,
    "trim": true,
    "normalize_whitespace": true,
    "match_type": "contains_any"
  },
  "faqs": [
    {
      "id": 1,
      "category": "Category 1",
      "title": "FAQ 1",
      "triggers": [
        "trigger1"
      ],
      "answer": "Answer for FAQ 1"
    },
    {
      "id": 2,
      "category": "Category 2",
      "title": "FAQ 2",
      "triggers": [
        "trigger2"
      ],
      "answer": "Answer for FAQ 2"
    },
    {
      "id": 3,
      "category": "Category 3",
      "title": "FAQ 3",
      "triggers": [
        "trigger3"
      ],
      "answer": "Answer for FAQ 3"
    },
    {
      "id": 4,
      "category": "Category 4",
      "title": "FAQ 4",
      "triggers": [
        "trigger4"
      ],
      "answer": "Answer for FAQ 4"
    },
    {
      "id": 5,
      "category": "Category 5",
      "title": "FAQ 5",
      "triggers": [
        "trigger5"
      ],
      "answer": "Answer for FAQ 5"
    },
    {
      "id": 6,
      "category": "Category 6",
      "title": "FAQ 6",
      "triggers": [
        "trigger6"
      ],
      "answer": "Answer for FAQ 6"
    },
    {
      "id": 7,
      "category": "Category 7",
      "title": "FAQ 7",
      "triggers": [
        "trigger7"
      ],
      "answer": "Answer for FAQ 7"
    },
    {
      "id": 8,
      "category": "Category 8",
      "title": "FAQ 8",
      "triggers": [
        "trigger8"
      ],
      "answer": "Answer for FAQ 8"
    },
    {
      "id": 9,
      "category": "Category 9",
      "title": "FAQ 9",
      "triggers": [
        "trigger9"
      ],
      "answer": "Answer for FAQ 9"
    },
    {
      "id": 10,
      "category": "Category 10",
      "title": "FAQ 10",
      "triggers": [
        "trigger10"
      ],
      "answer": "Answer for FAQ 10"
    },
    {
      "id": 11,
      "category": "Category 11",
      "title": "FAQ 11",
      "triggers": [
        "trigger11"
      ],
      "answer": "Answer for FAQ 11"
    },
    {
      "id": 12,
      "category": "Category 12",
      "title": "FAQ 12",
      "triggers": [
        "trigger12"
      ],
      "answer": "Answer for FAQ 12"
    },
    {
      "id": 13,
      "category": "Category 13",
      "title": "FAQ 13",
      "triggers": [
        "trigger13"
      ],
      "answer": "Answer for FAQ 13"
    },
    {
      "id": 14,
      "category": "Category 14",
      "title": "FAQ 14",
      "triggers": [
        "trigger14"
      ],
      "answer": "Answer for FAQ 14"
    },
    {
      "id": 15,
      "category": "Category 15",
      "title": "FAQ 15",
      "triggers": [
        "trigger15"
      ],
      "answer": "Answer for FAQ 15"
    },
    {
      "id": 16,
      "category": "Category 16",
      "title": "FAQ 16",
      "triggers": [
        "trigger16"
      ],
      "answer": "Answer for FAQ 16"
    },
    {
      "id": 17,
      "category": "Category 17",
      "title": "FAQ 17",
      "triggers": [
        "trigger17"
      ],
      "answer": "Answer for FAQ 17"
    },
    {
      "id": 18,
      "category": "Category 18",
      "title": "FAQ 18",
      "triggers": [
        "trigger18"
      ],
      "answer": "Answer for FAQ 18"
    },
    {
      "id": 19,
      "category": "Category 19",
      "title": "FAQ 19",
      "triggers": [
        "trigger19"
      ],
      "answer": "Answer for FAQ 19"
    },
    {
      "id": 20,
      "category": "Category 20",
      "title": "FAQ 20",
      "triggers": [
        "trigger20"
      ],
      "answer": "Answer for FAQ 20"
    },
    {
      "id": 21,
      "category": "Category 21",
      "title": "FAQ 21",
      "triggers": [
        "trigger21"
      ],
      "answer": "Answer for FAQ 21"
    },
    {
      "id": 22,
      "category": "Category 22",
      "title": "FAQ 22",
      "triggers": [
        "trigger22"
      ],
      "answer": "Answer for FAQ 22"
    },
    {
      "id": 23,
      "category": "Category 23",
      "title": "FAQ 23",
      "triggers": [
        "trigger23"
      ],
      "answer": "Answer for FAQ 23"
    },
    {
      "id": 24,
      "category": "Category 24",
      "title": "FAQ 24",
      "triggers": [
        "trigger24"
      ],
      "answer": "Answer for FAQ 24"
    },
    {
      "id": 25,
      "category": "Category 25",
      "title": "FAQ 25",
      "triggers": [
        "trigger25"
      ],
      "answer": "Answer for FAQ 25"
    },
    {
      "id": 26,
      "category": "Category 26",
      "title": "FAQ 26",
      "triggers": [
        "trigger26"
      ],
      "answer": "Answer for FAQ 26"
    },
    {
      "id": 27,
      "category": "Quotes, Orders & Turnaround",
      "title": "How long does it take to get a quote?",
      "triggers": [
        "instant quote",
        "fast quote",
        "quote time",
        "get pricing now",
        "how long for quote"
      ],
      "answer": "Quotes are generated instantly once you provide garment type, quantity, and artwork details."
    },
    {
      "id": 28,
      "category": "Quotes, Orders & Turnaround",
      "title": "Can I get a price list for your services?",
      "triggers": [
        "price list",
        "pricing sheet",
        "rate card",
        "standard pricing",
        "base prices"
      ],
      "answer": "We do not keep a flat price list since costs vary by garment, colors, and extras. The Console creates an accurate quote based on your order details."
    },
    {
      "id": 29,
      "category": "Artwork & Technical",
      "title": "Is there a fee for artwork revisions or adjustments?",
      "triggers": [
        "art revision fee",
        "artwork changes cost",
        "revisions charge",
        "redesign cost",
        "art edit fee"
      ],
      "answer": "Minor tweaks are free. Larger redesigns or extensive revisions may be billed at our standard art rate of $75 per hour."
    },
    {
      "id": 30,
      "category": "Artwork & Technical",
      "title": "Can you help me choose colors for my design?",
      "triggers": [
        "color advice",
        "ink color help",
        "pick colors",
        "color recommendations",
        "pantone help"
      ],
      "answer": "Yes. We will recommend colors that look great on your chosen garment and print clean and vibrant."
    },
    {
      "id": 31,
      "category": "Printing & Embroidery Basics",
      "title": "Can you recommend apparel or the best decoration method?",
      "triggers": [
        "recommend garment",
        "recommend printing method",
        "which method to use",
        "best method for me",
        "suggest apparel"
      ],
      "answer": "Tell us your budget, style, and how the apparel will be used. We will suggest the right garment and whether screen printing, embroidery, or DTF fits best."
    },
    {
      "id": 32,
      "category": "Special Requests & Integrations",
      "title": "Do you offer promotional products like stickers or signs?",
      "triggers": [
        "promotional products",
        "stickers signs",
        "sublimation items",
        "decals labels",
        "non apparel products"
      ],
      "answer": "Yes. Along with apparel, we can produce stickers, signs, and sublimated items. Ask us if you need something specific."
    },
    {
      "id": 33,
      "category": "Sustainability & Ethics",
      "title": "Do you have eco friendly options or green printing?",
      "triggers": [
        "eco friendly options",
        "sustainable apparel",
        "organic shirts",
        "recycled garments",
        "green printing"
      ],
      "answer": "We can source eco friendly garments like organic cotton or recycled blends, and we aim to use eco conscious processes whenever possible. Tell us if sustainability is a priority for your order."
    },
    {
      "id": 34,
      "category": "Printing & Embroidery Basics",
      "title": "How do I care for printed or embroidered garments?",
      "triggers": [
        "wash instructions",
        "care for prints",
        "washing embroidery",
        "laundry directions",
        "how to wash shirts"
      ],
      "answer": "To make your prints last, turn garments inside out, wash in cold water, and tumble dry low or hang dry. Avoid bleach and ironing directly over the design."
    },
    {
      "id": 35,
      "category": "Artwork & Technical",
      "title": "Do you offer Pantone or spot color matching?",
      "triggers": [
        "pantone match",
        "spot color matching",
        "color match service",
        "exact color print",
        "pantone ink"
      ],
      "answer": "Yes. We can match Pantone colors for screen printing to keep your branding consistent. Ask us about custom color matching when placing your order."
    },
    {
      "id": 36,
      "category": "Artwork & Technical",
      "title": "Do you keep artwork on file for reorders?",
      "triggers": [
        "keep artwork on file",
        "save my art",
        "reuse design later",
        "artwork saved",
        "reorder artwork"
      ],
      "answer": "Yes. Once your artwork is set up and approved, we keep it on file so reorders are quick and easy without needing new setup fees."
    }
  ]
}