{
  "screen_print": {
    "garment_base": 3.60,
    "min_qty": 48,
    "max_qty": 5000,
    "tiers": {
      "1_color": {
        "48-71": 2.14,
        "72-143": 1.51,
        "144-287": 1.24,
        "288-575": 1.04,
        "576-999": 0.82,
        "1000-2499": 0.62,
        "2500-4999": 0.57,
        "5000+": 0.51
      },
      "2_color": {
        "48-71": 3.11,
        "72-143": 2.28,
        "144-287": 1.79,
        "288-575": 1.52,
        "576-999": 1.18,
        "1000-2499": 0.92,
        "2500-4999": 0.81,
        "5000+": 0.66
      },
      "3_color": {
        "48-71": 4.19,
        "72-143": 3.04,
        "144-287": 2.34,
        "288-575": 1.95,
        "576-999": 1.53,
        "1000-2499": 1.22,
        "2500-4999": 0.90,
        "5000+": 0.80
      },
      "4_color": {
        "48-71": 5.17,
        "72-143": 3.58,
        "144-287": 2.93,
        "288-575": 2.35,
        "576-999": 1.80,
        "1000-2499": 1.56,
        "2500-4999": 1.19,
        "5000+": 0.95
      },
      "5_color": {
        "48-71": 6.19,
        "72-143": 4.35,
        "144-287": 3.47,
        "288-575": 2.81,
        "576-999": 2.15,
        "1000-2499": 1.85,
        "2500-4999": 1.36,
        "5000+": 1.09
      },
      "6_color": {
        "48-71": 7.21,
        "72-143": 5.07,
        "144-287": 4.01,
        "288-575": 3.27,
        "576-999": 2.51,
        "1000-2499": 2.20,
        "2500-4999": 1.58,
        "5000+": 1.22
      },
      "7_color": {
        "48-71": 8.24,
        "72-143": 5.74,
        "144-287": 4.61,
        "288-575": 3.70,
        "576-999": 2.82,
        "1000-2499": 2.45,
        "2500-4999": 1.77,
        "5000+": 1.37
      },
      "8_color": {
        "48-71": 9.22,
        "72-143": 6.46,
        "144-287": 5.16,
        "288-575": 4.13,
        "576-999": 3.13,
        "1000-2499": 2.79,
        "2500-4999": 1.95,
        "5000+": 1.51
      },
      "9_color": {
        "48-71": 10.29,
        "72-143": 7.14,
        "144-287": 5.70,
        "288-575": 4.57,
        "576-999": 3.48,
        "1000-2499": 3.09,
        "2500-4999": 2.15,
        "5000+": 1.66
      },
      "10_color": {
        "48-71": 12.20,
        "72-143": 8.78,
        "144-287": 7.22,
        "288-575": 5.92,
        "576-999": 4.73,
        "1000-2499": 4.36,
        "2500-4999": 3.28,
        "5000+": 2.73
      }
    }
  },
  "alt_small_order_message": "Orders under 48 are best with DTF transfers—ask us for options!"
}